silhouette,calinski_harabasz
0.76544836677043,6471.354037813668
