model,mae,rmse,r2,mape,median_ae
XGBoost-CLV,16582.069118971307,52155.68366480496,0.5796946729168511,10811.444190170085,2868.3018927764897
LightGBM-CLV,14810.610576404872,50156.04234097965,0.6113057376207074,11810.899772537592,2626.814654525223
