model,mae,rmse,r2,mape,median_ae
XGBoost-CLV,14452.049296419584,48441.96829989614,0.6374188921964595,11804.488204464278,2664.7173828125087
LightGBM-CLV,14810.610576404872,50156.04234097965,0.6113057376207073,11810.899772537592,2626.814654525223
